<?xml version="1.0" encoding="UTF-8"?>
<GenRun Id="impl_1" LaunchPart="xc7a35tcpg236-1" LaunchTime="1622931929">
  <File Type="BITSTR-BMM" Name="sci_reciever_bd.bmm"/>
  <File Type="OPT-METHODOLOGY-DRC" Name="sci_reciever_methodology_drc_opted.rpt"/>
  <File Type="INIT-TIMING" Name="sci_reciever_timing_summary_init.rpt"/>
  <File Type="ROUTE-PWR" Name="sci_reciever_power_routed.rpt"/>
  <File Type="PA-TCL" Name="sci_reciever.tcl"/>
  <File Type="OPT-TIMING" Name="sci_reciever_timing_summary_opted.rpt"/>
  <File Type="OPT-DCP" Name="sci_reciever_opt.dcp"/>
  <File Type="ROUTE-PWR-SUM" Name="sci_reciever_power_summary_routed.pb"/>
  <File Type="REPORTS-TCL" Name="sci_reciever_reports.tcl"/>
  <File Type="OPT-DRC" Name="sci_reciever_drc_opted.rpt"/>
  <File Type="OPT-HWDEF" Name="sci_reciever.hwdef"/>
  <File Type="PWROPT-DCP" Name="sci_reciever_pwropt.dcp"/>
  <File Type="PWROPT-DRC" Name="sci_reciever_drc_pwropted.rpt"/>
  <File Type="PWROPT-TIMING" Name="sci_reciever_timing_summary_pwropted.rpt"/>
  <File Type="PLACE-DCP" Name="sci_reciever_placed.dcp"/>
  <File Type="PLACE-IO" Name="sci_reciever_io_placed.rpt"/>
  <File Type="PLACE-CLK" Name="sci_reciever_clock_utilization_placed.rpt"/>
  <File Type="PLACE-UTIL" Name="sci_reciever_utilization_placed.rpt"/>
  <File Type="PLACE-UTIL-PB" Name="sci_reciever_utilization_placed.pb"/>
  <File Type="PLACE-CTRL" Name="sci_reciever_control_sets_placed.rpt"/>
  <File Type="PLACE-SIMILARITY" Name="sci_reciever_incremental_reuse_placed.rpt"/>
  <File Type="PLACE-PRE-SIMILARITY" Name="sci_reciever_incremental_reuse_pre_placed.rpt"/>
  <File Type="BG-BGN" Name="sci_reciever.bgn"/>
  <File Type="PLACE-TIMING" Name="sci_reciever_timing_summary_placed.rpt"/>
  <File Type="POSTPLACE-PWROPT-DCP" Name="sci_reciever_postplace_pwropt.dcp"/>
  <File Type="BG-BIN" Name="sci_reciever.bin"/>
  <File Type="POSTPLACE-PWROPT-TIMING" Name="sci_reciever_timing_summary_postplace_pwropted.rpt"/>
  <File Type="PHYSOPT-DCP" Name="sci_reciever_physopt.dcp"/>
  <File Type="PHYSOPT-DRC" Name="sci_reciever_drc_physopted.rpt"/>
  <File Type="BITSTR-MSK" Name="sci_reciever.msk"/>
  <File Type="PHYSOPT-TIMING" Name="sci_reciever_timing_summary_physopted.rpt"/>
  <File Type="ROUTE-ERROR-DCP" Name="sci_reciever_routed_error.dcp"/>
  <File Type="ROUTE-DCP" Name="sci_reciever_routed.dcp"/>
  <File Type="ROUTE-BLACKBOX-DCP" Name="sci_reciever_routed_bb.dcp"/>
  <File Type="ROUTE-DRC" Name="sci_reciever_drc_routed.rpt"/>
  <File Type="ROUTE-DRC-PB" Name="sci_reciever_drc_routed.pb"/>
  <File Type="BITSTR-LTX" Name="debug_nets.ltx"/>
  <File Type="BITSTR-LTX" Name="sci_reciever.ltx"/>
  <File Type="ROUTE-DRC-RPX" Name="sci_reciever_drc_routed.rpx"/>
  <File Type="BITSTR-MMI" Name="sci_reciever.mmi"/>
  <File Type="ROUTE-METHODOLOGY-DRC" Name="sci_reciever_methodology_drc_routed.rpt"/>
  <File Type="ROUTE-METHODOLOGY-DRC-RPX" Name="sci_reciever_methodology_drc_routed.rpx"/>
  <File Type="BITSTR-SYSDEF" Name="sci_reciever.sysdef"/>
  <File Type="ROUTE-METHODOLOGY-DRC-PB" Name="sci_reciever_methodology_drc_routed.pb"/>
  <File Type="ROUTE-PWR-RPX" Name="sci_reciever_power_routed.rpx"/>
  <File Type="ROUTE-STATUS" Name="sci_reciever_route_status.rpt"/>
  <File Type="ROUTE-STATUS-PB" Name="sci_reciever_route_status.pb"/>
  <File Type="ROUTE-TIMINGSUMMARY" Name="sci_reciever_timing_summary_routed.rpt"/>
  <File Type="ROUTE-TIMING-PB" Name="sci_reciever_timing_summary_routed.pb"/>
  <File Type="ROUTE-TIMING-RPX" Name="sci_reciever_timing_summary_routed.rpx"/>
  <File Type="ROUTE-SIMILARITY" Name="sci_reciever_incremental_reuse_routed.rpt"/>
  <File Type="ROUTE-CLK" Name="sci_reciever_clock_utilization_routed.rpt"/>
  <File Type="ROUTE-BUS-SKEW" Name="sci_reciever_bus_skew_routed.rpt"/>
  <File Type="ROUTE-BUS-SKEW-PB" Name="sci_reciever_bus_skew_routed.pb"/>
  <File Type="ROUTE-BUS-SKEW-RPX" Name="sci_reciever_bus_skew_routed.rpx"/>
  <File Type="POSTROUTE-PHYSOPT-DCP" Name="sci_reciever_postroute_physopt.dcp"/>
  <File Type="POSTROUTE-PHYSOPT-BLACKBOX-DCP" Name="sci_reciever_postroute_physopt_bb.dcp"/>
  <File Type="POSTROUTE-PHYSOPT-TIMING" Name="sci_reciever_timing_summary_postroute_physopted.rpt"/>
  <File Type="POSTROUTE-PHYSOPT-TIMING-PB" Name="sci_reciever_timing_summary_postroute_physopted.pb"/>
  <File Type="POSTROUTE-PHYSOPT-TIMING-RPX" Name="sci_reciever_timing_summary_postroute_physopted.rpx"/>
  <File Type="POSTROUTE-PHYSOPT-BUS-SKEW" Name="sci_reciever_bus_skew_postroute_physopted.rpt"/>
  <File Type="POSTROUTE-PHYSOPT-BUS-SKEW-PB" Name="sci_reciever_bus_skew_postroute_physopted.pb"/>
  <File Type="BG-BIT" Name="sci_reciever.bit"/>
  <File Type="POSTROUTE-PHYSOPT-BUS-SKEW-RPX" Name="sci_reciever_bus_skew_postroute_physopted.rpx"/>
  <File Type="BITSTR-RBT" Name="sci_reciever.rbt"/>
  <File Type="BITSTR-NKY" Name="sci_reciever.nky"/>
  <File Type="BG-DRC" Name="sci_reciever.drc"/>
  <File Type="RDI-RDI" Name="sci_reciever.vdi"/>
  <File Type="WBT-USG" Name="usage_statistics_webtalk.html"/>
  <FileSet Name="sources" Type="DesignSrcs" RelSrcDir="$PSRCDIR/sources_1">
    <Filter Type="Srcs"/>
    <File Path="$PSRCDIR/sources_1/new/Lab3_Mux7Seg.vhd">
      <FileInfo>
        <Attr Name="UsedIn" Val="synthesis"/>
        <Attr Name="UsedIn" Val="simulation"/>
      </FileInfo>
    </File>
    <File Path="$PSRCDIR/sources_1/new/sci_reciever.vhd">
      <FileInfo>
        <Attr Name="UsedIn" Val="synthesis"/>
        <Attr Name="UsedIn" Val="simulation"/>
      </FileInfo>
    </File>
    <Config>
      <Option Name="DesignMode" Val="RTL"/>
      <Option Name="TopModule" Val="sci_reciever"/>
      <Option Name="TopAutoSet" Val="TRUE"/>
    </Config>
  </FileSet>
  <FileSet Name="constrs_in" Type="Constrs" RelSrcDir="$PSRCDIR/constrs_1">
    <Filter Type="Constrs"/>
    <File Path="$PPRDIR/../../Constraints.xdc">
      <FileInfo>
        <Attr Name="UsedIn" Val="synthesis"/>
        <Attr Name="UsedIn" Val="implementation"/>
      </FileInfo>
    </File>
    <Config>
      <Option Name="ConstrsType" Val="XDC"/>
    </Config>
  </FileSet>
  <FileSet Name="utils" Type="Utils" RelSrcDir="$PSRCDIR/utils_1">
    <Filter Type="Utils"/>
    <Config>
      <Option Name="TopAutoSet" Val="TRUE"/>
    </Config>
  </FileSet>
  <Strategy Version="1" Minor="2">
    <StratHandle Name="Vivado Implementation Defaults" Flow="Vivado Implementation 2018"/>
    <Step Id="init_design"/>
    <Step Id="opt_design"/>
    <Step Id="power_opt_design"/>
    <Step Id="place_design"/>
    <Step Id="post_place_power_opt_design"/>
    <Step Id="phys_opt_design"/>
    <Step Id="route_design"/>
    <Step Id="post_route_phys_opt_design"/>
    <Step Id="write_bitstream"/>
  </Strategy>
</GenRun>
