<?xml version="1.0" encoding="UTF-8"?>
<wave_config>
   <wave_state>
   </wave_state>
   <db_ref_list>
      <db_ref path="digital_calculater_shell_tb_behav.wdb" id="1">
         <top_modules>
            <top_module name="digital_calculater_shell_tb" />
         </top_modules>
      </db_ref>
   </db_ref_list>
   <zoom_setting>
      <ZoomStartTime time="562185000000fs"></ZoomStartTime>
      <ZoomEndTime time="1028185000001fs"></ZoomEndTime>
      <Cursor1Time time="1001000000000fs"></Cursor1Time>
   </zoom_setting>
   <column_width_setting>
      <NameColumnWidth column_width="174"></NameColumnWidth>
      <ValueColumnWidth column_width="106"></ValueColumnWidth>
   </column_width_setting>
   <WVObjectSize size="14" />
   <wvobject fp_name="/digital_calculater_shell_tb/clk" type="logic">
      <obj_property name="ElementShortName">clk</obj_property>
      <obj_property name="ObjectShortName">clk</obj_property>
   </wvobject>
   <wvobject fp_name="/digital_calculater_shell_tb/rx" type="logic">
      <obj_property name="ElementShortName">rx</obj_property>
      <obj_property name="ObjectShortName">rx</obj_property>
   </wvobject>
   <wvobject fp_name="/digital_calculater_shell_tb/uut/rx_done" type="logic">
      <obj_property name="ElementShortName">rx_done</obj_property>
      <obj_property name="ObjectShortName">rx_done</obj_property>
   </wvobject>
   <wvobject fp_name="/digital_calculater_shell_tb/uut/sci_input" type="array">
      <obj_property name="ElementShortName">sci_input[7:0]</obj_property>
      <obj_property name="ObjectShortName">sci_input[7:0]</obj_property>
      <obj_property name="Radix">BINARYRADIX</obj_property>
   </wvobject>
   <wvobject fp_name="/digital_calculater_shell_tb/uut/num_end" type="logic">
      <obj_property name="ElementShortName">num_end</obj_property>
      <obj_property name="ObjectShortName">num_end</obj_property>
   </wvobject>
   <wvobject fp_name="/digital_calculater_shell_tb/uut/is_operation" type="logic">
      <obj_property name="ElementShortName">is_operation</obj_property>
      <obj_property name="ObjectShortName">is_operation</obj_property>
   </wvobject>
   <wvobject fp_name="/digital_calculater_shell_tb/uut/input_num" type="other">
      <obj_property name="ElementShortName">input_num</obj_property>
      <obj_property name="ObjectShortName">input_num</obj_property>
      <obj_property name="Radix">UNSIGNEDDECRADIX</obj_property>
   </wvobject>
   <wvobject fp_name="/digital_calculater_shell_tb/uut/stored_num" type="other">
      <obj_property name="ElementShortName">stored_num</obj_property>
      <obj_property name="ObjectShortName">stored_num</obj_property>
   </wvobject>
   <wvobject fp_name="/digital_calculater_shell_tb/uut/seven_seg_display" type="other">
      <obj_property name="ElementShortName">seven_seg_display</obj_property>
      <obj_property name="ObjectShortName">seven_seg_display</obj_property>
   </wvobject>
   <wvobject fp_name="/digital_calculater_shell_tb/uut/current_state" type="other">
      <obj_property name="ElementShortName">current_state</obj_property>
      <obj_property name="ObjectShortName">current_state</obj_property>
   </wvobject>
   <wvobject fp_name="/digital_calculater_shell_tb/uut/perform_operation" type="logic">
      <obj_property name="ElementShortName">perform_operation</obj_property>
      <obj_property name="ObjectShortName">perform_operation</obj_property>
   </wvobject>
   <wvobject fp_name="/digital_calculater_shell_tb/uut/operation" type="array">
      <obj_property name="ElementShortName">operation[1:0]</obj_property>
      <obj_property name="ObjectShortName">operation[1:0]</obj_property>
   </wvobject>
   <wvobject fp_name="/digital_calculater_shell_tb/uut/reset" type="logic">
      <obj_property name="ElementShortName">reset</obj_property>
      <obj_property name="ObjectShortName">reset</obj_property>
   </wvobject>
   <wvobject fp_name="/digital_calculater_shell_tb/uut/switch_stored_input" type="logic">
      <obj_property name="ElementShortName">switch_stored_input</obj_property>
      <obj_property name="ObjectShortName">switch_stored_input</obj_property>
   </wvobject>
</wave_config>
